salary_currency,count
BYR,0.019185628809473446
EUR,0.004957848272417478
KZT,0.030420343158952128
RUR,0.8530830352225743
UAH,0.01209946074489329
USD,0.0782716626892681
